配置項,max_features,準確率
品牌+名稱,2296,0.7805894696144643
商品描述,2769,0.5986862025132931
組合,5065,0.8113873126016439
